code,name,market,sector
005930,삼성전자,KR,반도체
000660,SK하이닉스,KR,반도체
035420,NAVER,KR,인터넷
005380,현대차,KR,자동차
105560,KB금융,KR,금융
207940,삼성바이오로직스,KR,바이오
000270,기아,KR,자동차
068270,셀트리온,KR,바이오
006400,삼성SDI,KR,배터리
055550,신한지주,KR,금융
012330,현대모비스,KR,자동차
033780,KT&G,KR,소비재
032830,삼성생명,KR,금융
086280,현대글로비스,KR,산업
015760,한국전력,KR,에너지
247540,에코프로비엠,KQ,배터리
196170,알테오젠,KQ,바이오
263750,펄어비스,KQ,인터넷
086520,에코프로,KQ,배터리
028300,HLB,KQ,바이오
058470,리노공업,KQ,반도체
NVDA,엔비디아,US,반도체
AAPL,애플,US,IT
MSFT,마이크로소프트,US,IT
AMZN,아마존,US,인터넷
GOOGL,알파벳,US,인터넷
META,메타,US,인터넷
TSLA,테슬라,US,자동차
AVGO,브로드컴,US,반도체
NFLX,넷플릭스,US,소비재
