label,down,avg_loss,worst,win,is_cagr,is_mdd,is_cal,oos_cagr,oos_mdd
크기조절:끔 약세장필터:끔,19,-7.45,-19.33,38.7,34.69,-33.96,1.02,13.55,-26.79
크기조절:끔 약세장필터:40%,9,-8.02,-19.33,34.0,37.07,-36.73,1.01,13.84,-27.17
크기조절:끔 약세장필터:30%,20,-7.4,-19.33,37.1,33.94,-35.69,0.95,13.24,-26.84
크기조절:1.5% 약세장필터:40%,5,-8.02,-19.33,34.0,33.35,-36.46,0.91,14.15,-23.3
크기조절:1.5% 약세장필터:끔,16,-7.45,-19.33,38.7,30.11,-33.91,0.89,14.07,-23.44
크기조절:0.5% 약세장필터:40%,0,-8.02,-19.33,34.0,16.38,-19.12,0.86,9.09,-12.39
크기조절:0.5% 약세장필터:끔,5,-7.45,-19.33,38.7,16.18,-19.12,0.85,9.94,-12.42
크기조절:1.5% 약세장필터:30%,16,-7.4,-19.33,37.1,29.95,-35.71,0.84,14.29,-23.22
크기조절:0.5% 약세장필터:30%,5,-7.4,-19.33,37.1,16.12,-19.36,0.83,9.83,-12.46
크기조절:1.0% 약세장필터:40%,5,-8.02,-19.33,34.0,28.34,-34.34,0.83,10.77,-22.46
크기조절:1.0% 약세장필터:끔,15,-7.45,-19.33,38.7,26.92,-34.43,0.78,14.0,-22.43
크기조절:1.0% 약세장필터:30%,15,-7.4,-19.33,37.1,26.2,-34.74,0.75,11.22,-22.61
