label,is_win,is_ratio,is_avg,is_trades,is_cagr,is_mdd,is_cal,oos_cagr,oos_mdd
신호:격차2% 추적:15% 손절:-7% 눌림:없음,37.5,5.66,11.5,40,24.16,-18.45,1.31,15.97,-14.81
신호:3일+2% 추적:15% 손절:-7% 눌림:없음,37.5,5.6,11.31,40,23.81,-18.84,1.26,15.62,-15.09
신호:격차2% 추적:15% 손절:넓게 눌림:없음,33.3,6.52,11.53,39,23.27,-18.81,1.24,14.37,-18.32
신호:3일+2% 추적:15% 손절:넓게 눌림:없음,33.3,6.45,11.34,39,23.12,-19.25,1.2,15.02,-17.82
신호:3일유지 추적:15% 손절:넓게 눌림:없음,40.0,5.04,9.54,45,23.7,-20.2,1.17,35.1,-17.91
신호:기본 추적:15% 손절:넓게 눌림:없음,31.8,7.19,9.55,44,22.35,-19.36,1.15,36.74,-16.24
신호:3일유지 추적:없음 손절:-7% 눌림:없음,37.5,3.46,4.52,40,37.89,-35.36,1.07,68.48,-43.58
신호:격차2% 추적:없음 손절:-7% 눌림:없음,32.4,3.95,4.68,37,34.91,-32.97,1.06,72.42,-42.58
신호:기본 추적:없음 손절:-7% 눌림:없음,34.2,4.1,5.32,38,38.41,-36.81,1.04,70.45,-43.92
신호:3일+2% 추적:없음 손절:-7% 눌림:없음,32.4,3.94,4.66,37,34.52,-33.32,1.04,70.85,-42.33
신호:격차2% 추적:없음 손절:넓게 눌림:없음,33.3,3.86,5.25,36,34.44,-33.88,1.02,70.73,-42.75
신호:3일유지 추적:15% 손절:-7% 눌림:없음,35.6,5.49,8.96,45,22.35,-22.2,1.01,32.69,-18.54
신호:3일유지 추적:없음 손절:넓게 눌림:없음,37.5,3.1,4.03,40,36.69,-36.96,0.99,71.8,-42.26
신호:3일+2% 추적:없음 손절:넓게 눌림:없음,33.3,3.87,5.24,36,33.81,-34.2,0.99,71.13,-42.88
신호:기본 추적:15% 손절:-7% 눌림:없음,30.4,6.92,8.55,46,20.81,-21.53,0.97,34.99,-18.11
신호:기본 추적:없음 손절:넓게 눌림:없음,34.2,3.81,4.95,38,37.02,-38.46,0.96,74.16,-42.43
신호:3일+2% 추적:없음 손절:-7% 눌림:3%,32.5,8.54,15.84,40,31.04,-33.58,0.92,12.9,-24.17
신호:기본 추적:없음 손절:-7% 눌림:3%,34.8,7.45,13.79,46,30.94,-34.13,0.91,12.96,-23.76
신호:격차2% 추적:없음 손절:-7% 눌림:3%,32.5,8.49,15.81,40,30.71,-33.64,0.91,12.5,-23.69
신호:3일유지 추적:없음 손절:-7% 눌림:3%,34.8,7.49,13.82,46,30.66,-34.12,0.9,12.54,-23.42
신호:격차2% 추적:없음 손절:넓게 눌림:3%,32.5,7.64,15.23,40,29.43,-36.77,0.8,11.15,-22.48
신호:3일+2% 추적:없음 손절:넓게 눌림:3%,32.5,7.67,15.26,40,29.45,-36.77,0.8,11.16,-22.53
신호:기본 추적:없음 손절:넓게 눌림:3%,35.6,6.55,13.63,45,29.31,-37.37,0.78,12.87,-24.22
신호:3일유지 추적:없음 손절:넓게 눌림:3%,35.6,6.59,13.65,45,29.16,-37.27,0.78,13.14,-24.21
신호:3일+2% 추적:15% 손절:-7% 눌림:3%,28.9,4.29,3.69,45,9.07,-24.69,0.37,22.48,-19.2
신호:격차2% 추적:15% 손절:-7% 눌림:3%,28.9,4.26,3.67,45,8.91,-24.68,0.36,22.66,-19.08
신호:기본 추적:15% 손절:-7% 눌림:3%,28.8,4.03,2.96,52,8.19,-26.43,0.31,20.72,-19.22
신호:3일유지 추적:15% 손절:-7% 눌림:3%,28.8,4.05,2.99,52,8.19,-26.38,0.31,20.72,-19.22
신호:격차2% 추적:15% 손절:넓게 눌림:3%,28.9,3.83,3.1,45,7.38,-26.03,0.28,20.81,-20.24
신호:3일+2% 추적:15% 손절:넓게 눌림:3%,28.9,3.85,3.13,45,7.38,-26.17,0.28,20.81,-20.24
신호:기본 추적:15% 손절:넓게 눌림:3%,28.8,3.64,2.47,52,6.94,-27.96,0.25,20.64,-20.19
신호:3일유지 추적:15% 손절:넓게 눌림:3%,28.8,3.66,2.5,52,7.01,-27.92,0.25,20.62,-20.18
