name,cagr,mdd,cal,cagr2,mdd2,cal2
전체 40종목 (지금),28.1,-49.27,0.57,32.55,-49.27,0.66
기존 30종목만,23.46,-34.32,0.68,26.24,-34.32,0.76
새 종목 10개만,14.89,-35.91,0.41,15.84,-35.91,0.44
전체에서 LG에너지솔루션 뺌,22.69,-50.56,0.45,25.17,-50.56,0.5
전체에서 한화에어로스페이스 뺌,19.14,-43.15,0.44,21.41,-43.15,0.5
전체에서 HD현대중공업 뺌,21.17,-49.41,0.43,23.11,-49.41,0.47
전체에서 두산에너빌리티 뺌,27.37,-46.37,0.59,29.76,-46.37,0.64
전체에서 카카오 뺌,26.16,-47.71,0.55,29.27,-47.71,0.61
전체에서 레인보우로보틱스 뺌,25.89,-47.46,0.55,29.52,-47.46,0.62
전체에서 휴젤 뺌,27.72,-48.42,0.57,31.11,-48.42,0.64
전체에서 AMD 뺌,28.24,-47.95,0.59,33.35,-47.95,0.7
전체에서 팔란티어 뺌,21.75,-48.15,0.45,23.89,-48.15,0.5
전체에서 코스트코 뺌,26.38,-47.51,0.56,30.65,-47.51,0.65
