label,down,avg_loss,worst,is_cagr,is_mdd,is_cal,oos_cagr,oos_mdd
크기조절:끔,19,-7.45,-19.33,34.69,-33.96,1.02,13.55,-26.79
크기조절:0.3% 바닥:5%,2,-7.37,-19.33,10.58,-12.41,0.85,5.01,-7.93
크기조절:0.3% 바닥:2.5%,6,-7.45,-19.33,11.77,-16.74,0.7,7.8,-8.84
크기조절:0.4% 바닥:5%,4,-7.45,-19.33,13.25,-15.81,0.84,7.29,-10.29
크기조절:0.4% 바닥:2.5%,8,-7.45,-19.33,15.15,-21.27,0.71,9.26,-11.23
크기조절:0.5% 바닥:5%,5,-7.45,-19.33,16.18,-19.12,0.85,9.94,-12.42
크기조절:0.5% 바닥:2.5%,11,-7.45,-19.33,17.94,-25.85,0.69,10.94,-13.52
크기조절:0.6% 바닥:5%,7,-7.45,-19.33,18.5,-22.65,0.82,11.2,-14.37
크기조절:0.6% 바닥:2.5%,12,-7.45,-19.33,20.37,-29.07,0.7,12.27,-16.18
크기조절:0.7% 바닥:5%,9,-7.45,-19.33,20.95,-25.96,0.81,12.45,-16.72
크기조절:0.7% 바닥:2.5%,12,-7.45,-19.33,23.07,-30.68,0.75,14.45,-18.69
크기조절:0.8% 바닥:5%,11,-7.45,-19.33,23.24,-29.07,0.8,14.45,-18.61
크기조절:0.8% 바닥:2.5%,12,-7.45,-19.33,25.45,-32.53,0.78,15.09,-20.84
크기조절:0.9% 바닥:5%,13,-7.45,-19.33,25.63,-31.91,0.8,15.56,-21.16
크기조절:0.9% 바닥:2.5%,14,-7.45,-19.33,26.49,-33.65,0.79,15.31,-22.02
크기조절:1.0% 바닥:5%,15,-7.45,-19.33,26.92,-34.43,0.78,14.0,-22.43
크기조절:1.0% 바닥:2.5%,15,-7.45,-19.33,26.92,-34.43,0.78,14.0,-22.43
