label,is_cagr,is_mdd,is_calmar,oos_cagr,oos_mdd,trades
MA20/120 SL-7%   nofilt ,5.99,-24.95,0.24,101.19,-48.75,23
MA20/120 SL-7%   FILT120,5.99,-24.95,0.24,101.19,-48.75,23
MA20/120 SL-15%  nofilt ,5.6,-25.65,0.22,99.74,-49.21,23
MA20/120 SL-15%  FILT120,5.6,-25.65,0.22,99.74,-49.21,23
MA20/120 SLnone  nofilt ,5.5,-25.73,0.21,99.43,-49.42,23
MA20/120 SLnone  FILT120,5.5,-25.73,0.21,99.43,-49.42,23
MA10/60 SL-7%   FILT120,2.73,-16.51,0.17,113.89,-34.82,35
MA10/60 SL-15%  FILT120,2.29,-17.59,0.13,104.24,-35.96,35
MA10/60 SLnone  FILT120,2.29,-17.59,0.13,103.71,-36.06,35
MA10/60 SL-7%   nofilt ,1.63,-18.71,0.09,112.61,-34.3,45
MA10/60 SL-15%  nofilt ,1.69,-18.41,0.09,107.98,-35.21,45
MA10/60 SLnone  nofilt ,1.69,-18.41,0.09,107.49,-35.28,45
MA5/20 SL-7%   FILT120,-2.8,-19.7,-0.14,80.67,-25.3,82
MA5/20 SL-15%  FILT120,-3.45,-20.14,-0.17,72.87,-23.1,82
MA5/20 SLnone  FILT120,-3.45,-20.14,-0.17,72.87,-23.1,82
MA5/20 SL-7%   nofilt ,-8.7,-28.79,-0.3,88.43,-24.24,127
MA5/20 SL-15%  nofilt ,-8.77,-29.05,-0.3,78.54,-22.06,127
MA5/20 SLnone  nofilt ,-8.77,-29.05,-0.3,78.54,-22.06,127
