label,up,down,spread,win,trades,is_cagr,is_mdd,is_cal,oos_cagr,oos_mdd
청산:기본 추적:20%,69,24,45,36.4,44,37.8,-23.68,1.6,45.96,-18.27
청산:기본 추적:없음,85,48,37,34.2,38,38.41,-36.81,1.04,70.45,-43.92
청산:기본 추적:15%,53,37,16,30.4,46,20.81,-21.53,0.97,34.99,-18.11
청산:단기선1일 추적:없음,51,36,15,28.9,263,19.73,-21.71,0.91,33.71,-18.22
청산:단기선3일 추적:없음,35,24,11,33.6,146,13.48,-24.33,0.55,15.28,-22.44
청산:단기선3일 추적:10%,28,20,8,34.3,134,10.78,-20.81,0.52,10.97,-9.45
청산:단기선3일 추적:15%,31,24,7,34.3,143,11.16,-21.26,0.52,19.82,-16.21
청산:단기선3일 추적:20%,31,24,7,33.3,144,11.11,-21.67,0.51,16.87,-20.55
청산:단기선1일 추적:10%,28,22,6,28.7,240,10.24,-20.06,0.51,0.82,-14.4
청산:단기선2일 추적:15%,38,32,6,33.1,178,12.9,-22.77,0.57,19.01,-17.07
청산:기본 추적:10%,32,27,5,32.0,50,10.67,-16.54,0.65,16.97,-9.54
청산:단기선2일 추적:10%,33,28,5,32.1,165,11.5,-20.2,0.57,5.62,-10.95
청산:단기선1일 추적:15%,34,31,3,27.7,260,11.28,-21.71,0.52,32.87,-18.81
청산:단기선1일 추적:20%,36,33,3,27.8,259,11.31,-21.71,0.52,32.8,-18.83
청산:단기선2일 추적:없음,48,46,2,32.3,192,14.05,-25.23,0.56,16.89,-23.46
청산:단기선2일 추적:20%,45,44,1,32.4,188,12.87,-22.75,0.57,19.52,-19.42
