label,down,stop_avg,worst,trades,is_cagr,is_mdd,is_cal,oos_cagr,oos_mdd
갭:건너뜀 7%x3 고변동:100%,19,-8.88,-12.2,62,35.54,-33.96,1.05,21.27,-23.47
갭:절반 7%x3 고변동:100%,17,-9.14,-19.33,62,35.5,-33.96,1.05,13.79,-23.53
갭:끔 고변동:100%,19,-9.14,-19.33,62,34.69,-33.96,1.02,13.55,-26.79
갭:건너뜀 7%x2 고변동:100%,15,-9.01,-12.2,69,37.81,-37.43,1.01,29.99,-23.14
갭:절반 10%x2 고변동:100%,18,-9.14,-19.33,62,33.2,-33.51,0.99,14.51,-26.09
갭:절반 7%x2 고변동:100%,17,-9.14,-19.33,62,32.49,-33.35,0.97,10.73,-21.47
갭:건너뜀 10%x2 고변동:100%,22,-9.06,-12.2,70,35.54,-37.58,0.95,36.81,-23.49
갭:절반 7%x3 고변동:50%,13,-9.14,-19.33,62,19.32,-26.43,0.73,25.35,-20.36
갭:끔 고변동:50%,14,-9.14,-19.33,62,18.98,-26.43,0.72,25.28,-24.05
갭:건너뜀 7%x3 고변동:50%,16,-8.88,-12.2,62,18.68,-26.43,0.71,30.42,-20.15
갭:절반 7%x2 고변동:50%,14,-9.14,-19.33,62,17.62,-25.81,0.68,21.79,-20.3
갭:절반 10%x2 고변동:50%,14,-9.14,-19.33,62,17.76,-26.04,0.68,26.18,-23.47
갭:건너뜀 7%x2 고변동:50%,16,-9.01,-12.2,69,18.52,-31.27,0.59,40.28,-20.62
갭:건너뜀 10%x2 고변동:50%,18,-9.06,-12.2,70,18.61,-31.6,0.59,46.97,-20.49
